Objects,PosX,PosY,PosZ,Rot.X,Rot.Y,Rot.Z,Scl.X,Scl.Y,Scl.Z
Cube,0,-0.94,-15,0,0,0,1,3.746389,1
Cube,-4.69,3.54,-14,0,0,0,1,6.711271,1
Cube,0,4.41,-13,0,0,0,8.483553,1,1
Cube,-2.35,2.64,-12,0,0,0,1,8.745716,0.711243
Cube,3.29,3.98,-11.47,0,0,0,1,7.240963,1
Cube,-3.12,0,-11.51,0,0,0,3.989741,1,1
Cube,2.84,0,-9,0,0,0,8.033646,1,1
Cube,0,2.57,-8,0,0,0,1.357972,5.389309,1
Cube,-5.55,0,-7,0,0,0,6.969542,1,1
Player,-3.72,1.74,-11.51,0,0,0,1,1,1
Goal,5.88,1.51,-9,0,0,0,1,1,1
end,,,,,,,,,
